id,generated
0000aaaa,0.014557938
1111bbbb,0.014557938
2222cccc,0.014557938
