id,generated
0000aaaa,0.9935868
1111bbbb,0.9935868
2222cccc,0.9935868
