id,generated
0000aaaa,0.95296
1111bbbb,0.95296
2222cccc,0.95296
