id,generated
0000aaaa,0.9780472
1111bbbb,0.9780472
2222cccc,0.9780472
